ticket_id,nombre,correo,telefono
4809,Timoteo Carrasco,felipe32@trejo-brito.org,00133890
4810,Marisol Villalpando,crespoluisa@yahoo.com,23511615
4811,Omar Castellanos,uriasguadalupe@hotmail.com,93103413
4812,Dalia Nevárez,yuridiajaramillo@hotmail.com,92832764
4813,Alonso Mata,andres39@hotmail.com,37672423
4814,Rodolfo Ozuna,citlalisaucedo@yahoo.com,01226916
4815,Perla Alba,tomas51@club.com,81489325
4816,Irene Sáenz,naranjohomero@despacho.com,71822782
4817,Paola Fernández,cnino@hotmail.com,13315098
4818,Susana Bahena,aparicioisabel@serrano-granados.com,38299737
4819,Joaquín Piña,rayala@hotmail.com,06513338
4820,María Teresa Haro,gurbina@toledo.com,32677360
4821,María Elena Lira,mcorrea@yahoo.com,09805009
4822,Nancy Blanco,yanezangel@club.com,91699854
4823,César Macías,antonia07@hotmail.com,18384251
4824,Pamela Madrid,wilfrido12@despacho.com,93534874
4825,Abelardo Merino,cynthia78@valentin.com,80598262
4826,Enrique Haro,rafael69@grupo.biz,25634216
4827,Jerónimo Magaña,albertoespinoza@mendez.com,86850142
4828,Manuel Montaño,gzelaya@gmail.com,93406088
4829,Sofía Martínez,natividad46@padron-lucero.com,66299468
4830,Ricardo Zepeda,cquintanilla@hotmail.com,87214895
4831,Concepción Alvarado,martinbeltran@pedroza.biz,63201632
4832,Carlos Reyes,jtamez@quintero-santana.net,27743487
4833,Eugenio Jurado,paola12@gmail.com,62316658
4834,Julio Viera,aromero@lugo-orellana.biz,73467065
4835,Oswaldo Amador,botellotrinidad@yahoo.com,72046537
4836,Flavio Bonilla,tiradoamelia@yahoo.com,10033092
4837,Esteban Rivero,daniela99@hotmail.com,24190496
4838,Benjamín Madera,montenegrooscar@nevarez.com,67165726
4839,Maximiliano Rivero,irene31@yahoo.com,37996507
4840,Francisco Javier Molina,pilar08@gmail.com,36783777
4841,Federico Malave,huribe@yahoo.com,85574443
4842,Dulce María Espinosa,ulebron@despacho.com,40824008
4843,Renato Linares,vquintana@gmail.com,47116719
4844,Arturo Guzmán,mzelaya@proyectos.info,49649909
4845,Cristina Grijalva,cortezabelardo@raya.com,34471349
4846,Vicente Córdova,angelicabalderas@gmail.com,99471746
4847,Ariadna Zamora,mmedrano@despacho.org,49027874
4848,Mariano Montero,ines12@yahoo.com,74680715
4849,Abel Torres,mayala@hotmail.com,97703482
4850,Sonia Grijalva,pedro08@caban.info,27484677
4851,Elias Zamudio,leallinda@sarabia-jaramillo.com,49972787
4852,María Eugenia Medina,reinaolivera@proyectos.com,66270289
4853,María Eugenia Alejandro,ecorrea@jaimes.biz,58657809
4854,Manuel Calvillo,sde-la-cruz@despacho.com,56238692
4855,Silvano Guajardo,estherriojas@hotmail.com,74074821
4856,Fidel Reyes,juan-carlosrosas@gmail.com,69594406
4857,Miriam Llamas,estefania39@laboratorios.com,09521456
4858,Olga Sánchez,franciscorosario@yahoo.com,17123685
4859,Carlota Rentería,rocio65@gmail.com,70985931
4860,Amalia Archuleta,gcarrillo@gmail.com,67586926
4861,Alonso Nevárez,prael@camacho-nazario.com,64317139
4862,Raúl Flórez,rodrigogalvez@corporacin.com,22842102
4863,Adriana Delgado,castrolucia@hotmail.com,17758917
4864,Hermelinda Reynoso,roquekarla@cardenas.com,59212499
4865,Guadalupe Rendón,carrerovanesa@hotmail.com,67365766
4866,José Luis Corral,bustosarturo@gmail.com,15280988
4867,Amelia Loera,bernardo98@gmail.com,73158514
4868,Sessa Valdés,alicia24@corporacin.com,12018366
4869,Irma Vanegas,cortescristina@bonilla.info,79764381
4870,Micaela Soto,garayleonardo@hotmail.com,03432445
4871,Catalina Olivares,angelica60@almaraz.com,96641605
4872,Marco Antonio Caraballo,zvillalpando@ortiz-marin.com,52181883
4873,Clemente Hidalgo,salvadorcorral@diaz-salcido.info,99552717
4874,Jesús Sarabia,maria-teresa70@negrete.com,19986798
4875,Salma Rolón,rayabenjamin@bravo-santana.com,37788925
4876,Rufino Ávila,mendozabarbara@hotmail.com,44925192
4877,Arturo Marín,carolina81@hotmail.com,85054235
4878,Araceli Lucero,miramontesserafin@industrias.com,92706537
4879,Evelio Mares,jose-carlosvasquez@yahoo.com,46886239
4880,Perla Candelaria,armando24@serna.biz,37506068
4881,Esparta Amaya,mezaclemente@gmail.com,47277901
4882,Sandra Suárez,lomelieva@yahoo.com,03697117
4883,Fabiola Colón,nabreu@yahoo.com,96218518
4884,Julio Rodrígez,qnino@munguia.com,31952058
4885,Celia Barajas,lozadaeloy@gmail.com,05486874
4886,Vanesa Meraz,nazariomarco-antonio@yahoo.com,65277584
4887,Dolores Trejo,benjamin15@hotmail.com,47962757
4888,Timoteo Báez,gnarvaez@despacho.info,21355690
4889,María Bermúdez,leonel54@despacho.info,81447394
4890,María Cristina de León,mayayeni@yahoo.com,88442258
4891,Miguel Alvarez,mayte82@hotmail.com,14678669
4892,Martha Sierra,pedrovillagomez@gmail.com,68018242
4893,Gloria Berríos,teresaurena@yahoo.com,49818299
4894,Ramón Arguello,armentatomas@laboratorios.org,78447364
4895,Linda Roybal,jacintozepeda@gmail.com,55625881
4896,María del Carmen Gutiérrez,arteagagregorio@peralta.com,32787747
4897,Fabiola Galván,arteagaguillermina@yahoo.com,48016245
4898,Rebeca Valenzuela,perla41@santana.com,21655852
4899,Alfredo Armenta,isabelarojo@cordova.com,95269495
4900,Helena Roldán,isabel16@proyectos.com,09728962
4901,Aida Quintana,acoronado@hotmail.com,68970283
4902,Humberto Delgadillo,patricio54@hotmail.com,33484344
4903,Rafaél Lara,velazoe@hotmail.com,65240415
4904,Pablo Juárez,biancavilla@gmail.com,08330165
4905,Cristina Palomo,wfeliciano@yahoo.com,40193802
4906,Eduardo Longoria,lugoraquel@meza-linares.info,28743152
4907,Gustavo Vanegas,santiagopalomino@serrato.biz,22753046
4908,Rodolfo Vega,ursula53@casanova.com,68414593
